item_id,forecast_start,MSE,abs_error,abs_target_sum,abs_target_mean,seasonal_error,MASE,MAPE,sMAPE,num_masked_target_values,ND,MSIS,QuantileLoss[0.1],Coverage[0.1],QuantileLoss[0.5],Coverage[0.5],QuantileLoss[0.9],Coverage[0.9]
,2014-03,3842651.7320027873,35918.97055053711,37188.0,929.7,640.1388888888889,1.4027803643082404,2.574696319409805,0.9817287492238069,0.0,0.9658752971533051,56.11121457232961,18298.22877807617,0.575,35918.97055053711,0.575,53539.71232299805,0.575
,2014-04,3842730.3962990614,35970.55561828613,37035.0,925.875,637.3379310344827,1.4109687289402824,2.602262420747106,0.9991508304389052,0.0,0.9712584209068754,56.43874915761129,18398.61202697754,0.6,35970.55561828613,0.6,53542.499209594724,0.6
,2014-05,3852442.2412735494,36497.95425415039,36802.0,920.05,633.582191780822,1.4401428389095372,2.856667972609769,1.0303087497203969,0.0,0.9917383363445028,57.60571355638149,19515.27847290039,0.625,36497.95425415039,0.625,53480.630035400405,0.625
,2014-06,3860662.610868371,36892.42770385742,36400.0,910.0,631.6122448979592,1.4602482773991192,3.2590397091434204,1.0649294872030892,0.0,1.0135282336224567,58.40993109596477,20225.330682373045,0.625,36892.42770385742,0.625,53559.52472534179,0.625
,2014-07,3864803.888912396,37178.967224121094,36085.0,902.125,629.6824324324324,1.4760999080322348,3.346171218710554,1.0875012696522925,0.0,1.0303163980634915,59.04399632128939,20974.35753173828,0.65,37178.967224121094,0.65,53383.57691650391,0.65
,2014-08,3860996.0469403258,36870.65769958496,35689.0,892.225,629.0671140939597,1.4652910982594232,3.340601867744352,1.0718932662074823,0.0,1.033109857367395,58.61164393037692,21061.27077331543,0.675,36870.65769958496,0.675,52680.04462585449,0.675
,2014-09,3846138.510592042,36106.04487609863,34346.0,858.65,635.9266666666666,1.4194264358088446,3.3295932132553903,1.0574595027534972,0.0,1.0512445372415604,56.777057432353786,20918.46437072754,0.7,36106.04487609863,0.7,51293.625381469734,0.7
,2014-03,11534433.385938643,77683.4428100586,94899.0,2372.475,2145.909722222222,0.9050176016912374,0.8477308094859606,0.9294721602885627,0.0,0.8185907418419435,36.2007040676495,23689.577770996097,0.35,77683.4428100586,0.35,131677.3078491211,0.35
,2014-04,11534397.654056516,77669.03610229492,94052.0,2351.3,2166.137931034483,0.8963999359126973,0.8507901354838576,0.9321465790223742,0.0,0.8258095107206112,35.85599743650789,23754.538275146486,0.375,77669.03610229492,0.375,131583.53392944337,0.375
,2014-05,11528006.237466235,77304.04006958008,92722.0,2318.05,2162.8698630136987,0.8935354987316043,0.8598459579871719,0.9349098844555062,0.0,0.8337184278766644,35.74141994926417,23949.89170532227,0.4,77304.04006958008,0.4,130658.1884338379,0.4
,2014-06,11514872.916652132,76765.21765136719,90965.0,2274.125,2149.639455782313,0.8927685227036156,0.8797264306980894,0.941404493871446,0.0,0.8438983966510987,35.71074090814463,24191.04104003906,0.425,76765.21765136719,0.425,129339.39426269532,0.425
,2014-07,11494074.6354418,76084.64602661133,89817.0,2245.425,2135.560810810811,0.8906869525963554,0.8956353448983269,0.9342663532292365,0.0,0.8471074075799829,35.62747810385422,24488.389996337894,0.45,76084.64602661133,0.45,127680.90205688478,0.45
,2014-08,11473551.587780539,75319.17642211914,88827.0,2220.675,2121.6241610738257,0.8875178955352484,0.8899483975331293,0.9169716008406557,0.0,0.8479311067819373,35.50071582140993,24580.87415161133,0.475,75319.17642211914,0.475,126057.47869262696,0.475
,2014-09,11468758.019742152,75021.26803588867,88336.0,2208.4,2108.36,0.8895690019243472,0.8877941436738495,0.9077296816507747,0.0,0.8492717355991745,35.58276007697389,24797.869622802737,0.5,75021.26803588867,0.5,125244.66644897463,0.5
,2014-03,84036.8661841276,9238.905044555664,8245.0,206.125,205.75694444444446,1.122550817118377,1.9797874123090597,0.8151091130829016,0.0,1.120546397156539,44.902032684735076,13767.149380493167,0.7,9238.905044555664,0.7,4710.660708618164,0.7
,2014-04,83679.1117659993,9144.993507385254,8237.0,205.925,206.7103448275862,1.1060154627255046,1.9256604975694511,0.8004771583529451,0.0,1.1102335203818445,44.24061850902018,13598.108613586428,0.7,9144.993507385254,0.7,4691.878401184082,0.7
,2014-05,86784.64282387814,9400.11743927002,8031.0,200.775,207.986301369863,1.1298962212123944,2.4280244666002853,0.8357787186416206,0.0,1.170479073498944,45.19584884849578,14057.331690979005,0.7,9400.11743927002,0.7,4742.903187561034,0.7
,2014-06,87931.22430105406,9521.592262268066,7544.0,188.6,208.2517006802721,1.1430389561243637,2.768233411963816,0.8722155105982343,0.0,1.2621410740015995,45.721558244974545,14480.849409484865,0.725,9521.592262268066,0.725,4562.335115051269,0.725
,2014-07,91662.78298527331,9775.390609741211,7366.0,184.15,207.8783783783784,1.1756141603082129,2.9487069610262155,0.8838107542354653,0.0,1.3270962000734743,47.02456641232852,15205.138912963868,0.75,9775.390609741211,0.75,4345.6423065185545,0.75
,2014-08,94082.27423961065,10070.829620361328,7291.0,182.275,206.8724832214765,1.2170334913004786,3.2044716443409476,0.9215923187407536,0.0,1.3812686353533572,48.68133965201914,15762.641217041017,0.775,10070.829620361328,0.775,4379.018023681641,0.775
,2014-09,93389.52325501437,10021.43441772461,7268.0,181.7,205.56,1.2187967524961822,3.3013137126952365,0.9253813050323473,0.0,1.3788434806995886,48.751870099847295,15673.729852294924,0.775,10021.43441772461,0.775,4369.1389831542965,0.775
,2014-03,1006040.1837109529,32383.686309814453,7396.0,184.9,169.20138888888889,4.784784351132035,8.091024967900683,1.2882789073497782,0.0,4.378540604355659,191.3913740452814,58244.93999633788,0.975,32383.686309814453,0.975,6522.432623291014,0.975
,2014-04,1001630.3799734687,32137.546447753906,7003.0,175.075,170.55172413793105,4.710821102834934,8.200194010710563,1.307109042505163,0.0,4.589111301978281,188.43284411339732,57801.888244628906,0.975,32137.546447753906,0.975,6473.204650878904,0.975
,2014-05,1005082.036018366,32481.65545654297,6587.0,164.675,169.67808219178082,4.785776547708466,8.311012750196193,1.3402276880861113,0.0,4.9311758701294925,191.43106190833865,58466.979821777335,1.0,32481.65545654297,1.0,6496.3310913085925,1.0
,2014-06,1007932.6061463673,32647.186981201172,6419.0,160.475,168.6326530612245,4.839985967804845,8.486654943810379,1.3617928968119144,0.0,5.086023832559771,193.5994387121938,58764.93656616211,1.0,32647.186981201172,1.0,6529.437396240233,1.0
,2014-07,1061228.3260338833,33854.399658203125,6336.0,158.4,167.95945945945945,5.039073084534217,8.937974642031449,1.3837491899668024,0.0,5.343181764236604,201.56292338136868,60937.91938476562,1.0,33854.399658203125,1.0,6770.879931640624,1.0
,2014-08,1064655.8609164183,34025.41970825195,6297.0,157.425,166.85906040268458,5.09792809963955,9.013001441820084,1.392756612165765,0.0,5.4034333346437915,203.91712398558204,61245.75547485352,1.0,34025.41970825195,1.0,6805.083941650389,1.0
,2014-09,1068446.3819048745,34209.74353027344,6248.0,156.2,166.1,5.148968020811775,9.101536637791165,1.402958044646561,0.0,5.4753110643843526,205.95872083247104,61577.538354492186,1.0,34209.74353027344,1.0,6841.948706054685,1.0
,2014-03,26327198.93424069,125942.13513946533,155769.0,3894.225,2458.9236111111113,1.2804600209047974,0.9586240641553788,0.8704302971266739,0.0,0.8085186085772222,51.21840083619189,80076.43142242433,0.45,125942.13513946533,0.45,171807.83885650634,0.45
,2014-04,26006097.802796945,122634.67078399658,154742.0,3868.55,2568.8344827586207,1.1934855243408058,0.9151828611147426,0.8539378992493234,0.0,0.7925105710408071,47.73942097363223,74122.99558258057,0.45,122634.67078399658,0.45,171146.3459854126,0.45
,2014-05,25903303.812251676,120873.00746917725,152111.0,3802.775,2644.719178082192,1.1425882988910363,0.9140884059544565,0.8638693845847929,0.0,0.7946368603794416,45.70353195564145,70494.11526336671,0.425,120873.00746917725,0.425,171251.89967498777,0.425
,2014-06,25844090.695557892,119566.15759277344,149704.0,3742.6,2657.312925170068,1.1248784106328125,0.9181418083160244,0.8814798280717504,0.0,0.7986837866240944,44.9951364253125,67737.35153808593,0.4,119566.15759277344,0.4,171394.96364746094,0.4
,2014-07,25832795.46644931,119022.7945098877,148507.0,3712.675,2648.6486486486488,1.1234294379759808,0.9169283533772481,0.884609304764741,0.0,0.8014625203518198,44.93717751903923,66528.78439025879,0.375,119022.7945098877,0.375,171516.80462951658,0.375
,2014-08,25829710.965672445,118766.08708190918,147832.0,3695.8,2634.6308724832215,1.1269708436420207,0.9161580876083324,0.8840511849956622,0.0,0.8033855124865332,45.07883374568083,66066.71101989747,0.375,118766.08708190918,0.375,171465.46314392088,0.375
,2014-09,25973322.43542677,120965.40361022949,147497.0,3687.425,2618.6866666666665,1.1548289181558202,1.0672092395845687,0.9136175748037274,0.0,0.8201211116851834,46.19315672623281,70355.57080993653,0.4,120965.40361022949,0.4,171575.23641052246,0.4
,2014-03,23949925.89503523,120145.61389160156,176686.0,4417.15,2364.9236111111113,1.270079225044753,0.4891863205117703,0.7167002622441903,0.0,0.6799950980360728,50.80316900179012,27966.290161132816,0.225,120145.61389160156,0.225,212324.9376220703,0.225
,2014-04,23964061.302555148,120749.23950195312,176362.0,4409.05,2356.448275862069,1.2810512407468284,0.5012592874644337,0.7349255910761775,0.0,0.6846669889315903,51.242049629873144,27820.555517578126,0.2,120749.23950195312,0.2,213677.92348632813,0.2
,2014-05,23993120.802702345,121349.66174316406,174625.0,4365.625,2359.650684931507,1.2856740037634686,0.5417797631200145,0.7512141809773119,0.0,0.694915743697432,51.42696015053875,29969.727856445315,0.225,121349.66174316406,0.225,212729.59562988282,0.225
,2014-06,24022885.617020506,121884.64990234375,171319.0,4282.975,2352.8571428571427,1.295070657735893,0.6234260921418698,0.7765677695135184,0.0,0.7114485252794129,51.80282630943572,32285.08076171875,0.25,121884.64990234375,0.25,211484.21904296876,0.25
,2014-07,23980898.405067794,121032.86602783203,167854.0,4196.35,2340.2094594594596,1.2929704383789233,0.6579840093925613,0.7884734035423167,0.0,0.7210603621470566,51.71881753515694,33010.68150634765,0.275,121032.86602783203,0.275,209055.0505493164,0.275
,2014-08,23963407.65443533,120507.97314453125,164697.0,4117.425,2330.4563758389263,1.2927507932984836,0.6822985384061224,0.7999090717740763,0.0,0.7316950105012918,51.710031731939345,33552.10908203125,0.3,120507.97314453125,0.3,207463.83720703126,0.3
,2014-09,23965606.604240343,120645.57733154297,162905.0,4072.625,2324.633333333333,1.2974688911320384,0.7119912725195352,0.8168457091063208,0.0,0.7405885475064791,51.89875564528154,33799.79661865234,0.3,120645.57733154297,0.3,207491.35804443358,0.3
,2014-03,2145284.2490218445,43753.71589279175,44537.0,1113.425,376.06164383561645,2.908679774313631,3.2885885690591166,1.0594192783746164,0.0,0.9824127330711936,116.34719097254522,38887.29703598023,0.575,43753.71589279175,0.575,48620.13474960327,0.575
,2014-04,2143532.3642059364,43524.614864349365,43433.0,1085.825,384.83673469387753,2.8274727267766866,3.2880512746541477,1.0587613015082338,0.0,1.0021093377005816,113.09890907106745,38841.47683029175,0.575,43524.614864349365,0.575,48207.75289840698,0.575
,2014-05,2104212.052727553,42692.93059921265,41104.0,1027.6,396.4527027027027,2.692183097010427,3.368858564480013,1.0724392430014915,0.0,1.038656349727828,107.68732388041707,39522.68636398316,0.6,42692.93059921265,0.6,45863.174834442136,0.6
,2014-06,1902698.4977487593,40185.877712249756,37905.0,947.625,403.08053691275165,2.4924223593155124,3.42628387681201,1.065026218504523,0.0,1.060173531519582,99.69689437262049,39587.750640106206,0.625,40185.877712249756,0.625,40784.004784393306,0.625
,2014-07,1831500.4317726076,38823.70989608765,35927.0,898.175,403.4866666666667,2.4055138064922206,3.4848535293712053,1.060578278771422,0.0,1.08062765875491,96.22055225968883,39898.16536788941,0.65,38823.70989608765,0.65,37749.254424285886,0.65
,2014-08,1832705.7064176141,38846.5082359314,34605.0,865.125,401.0,2.421852134409688,3.677188530385217,1.0727399085632054,0.0,1.1225692309184048,96.87408537638753,41612.700426483156,0.675,38846.5082359314,0.675,36080.31604537964,0.675
,2014-09,1862632.1139078632,39853.88821029663,34386.0,859.65,401.30263157894734,2.482782635481937,3.8438214730639984,1.1061666914420776,0.0,1.159014954059694,99.31130541927749,43425.984380340575,0.675,39853.88821029663,0.675,36281.79204025268,0.675
,2014-03,9681633.86405002,72603.52340698242,97837.0,2445.925,1563.2916666666667,1.1610681000077148,0.6143929748348246,0.7818739280951708,0.0,0.7420865665032904,46.442724000308594,21995.92924194336,0.325,72603.52340698242,0.325,123211.11757202148,0.325
,2014-04,9666575.711020106,71996.87521362305,95891.0,2397.275,1645.9172413793103,1.093567668585941,0.6217343573226259,0.7832931899773542,0.0,0.7508199436195581,43.742706743437644,22183.581439208985,0.35,71996.87521362305,0.35,121810.16898803711,0.35
,2014-05,9658793.154436579,71533.06900024414,93664.0,2341.6,1715.972602739726,1.042165080113084,0.6250942696349966,0.7845625397228959,0.0,0.7637199884720292,41.68660320452335,22256.727520751952,0.375,71533.06900024414,0.375,120809.41047973633,0.375
,2014-06,9628198.811481738,70612.46350097656,91336.0,2283.4,1754.7551020408164,1.0060159309246746,0.6398893309534108,0.7873083478502163,0.0,0.77310658996427,40.24063723698698,22399.57316894531,0.4,70612.46350097656,0.4,118825.35383300783,0.4
,2014-07,9590321.416913947,69823.09307861328,89494.0,2237.35,1756.5337837837837,0.9937624559689082,0.6968105169973293,0.7921215574143143,0.0,0.7801985951975918,39.75049823875633,23145.700646972655,0.425,69823.09307861328,0.425,116500.4855102539,0.425
,2014-08,9571237.181496833,69203.40432739258,88315.0,2207.875,1750.7046979865772,0.9882221200265947,0.7139230718164111,0.7876892591631806,0.0,0.7835973993929976,39.52888480106379,23511.499420166016,0.45,69203.40432739258,0.45,114895.30923461914,0.45
,2014-09,9566359.347282115,68922.64642333984,87698.0,2192.45,1741.2533333333333,0.9895551253791308,0.7168017011368165,0.7822898432395288,0.0,0.7859089879283432,39.58220501516523,23786.70340576172,0.475,68922.64642333984,0.475,114058.58944091796,0.475
,2014-03,185534939.61362225,393442.4953689575,427858.0,10696.45,2832.6041666666665,3.4724450736788812,0.8911219207733627,1.6260676495603712,0.0,0.9195632554935458,138.89780294715524,78688.4990737915,0.0,393442.4953689575,0.0,708196.4916641235,0.0
,2014-04,183178114.25950912,385765.4527053833,418459.0,10461.475,2945.9655172413795,3.2736759005466607,0.8895249786900183,1.6218871098107037,0.0,0.9218715637741889,130.94703602186644,77153.09054107667,0.0,385765.4527053833,0.0,694377.81486969,0.0
,2014-05,178540940.50149697,373437.4302749634,404057.0,10101.425,2988.72602739726,3.1237174874153015,0.8871890089546662,1.6154151514977406,0.0,0.9242196776072766,124.94869949661205,74687.48605499268,0.0,373437.4302749634,0.0,672187.374494934,0.0
,2014-06,172647128.9644783,359145.2781448364,389000.0,9725.0,2990.8843537414964,3.0019990383074964,0.881997009429784,1.600273152947624,0.0,0.923252643045852,120.07996153229986,71829.0556289673,0.0,359145.2781448364,0.0,646461.5006607056,0.0
,2014-07,170937615.61506587,352536.803855896,381865.0,9546.625,2996.0675675675675,2.9416626620182655,0.882181812770386,1.6009212039126814,0.0,0.9231974751702722,117.66650648073062,70507.3607711792,0.0,352536.803855896,0.0,634566.2469406128,0.0
,2014-08,170703335.22000116,350720.9503707886,379656.0,9491.4,2989.4026845637586,2.93303535336499,0.8826195926477783,1.6022368670941571,0.0,0.923786138954181,117.3214141345996,70144.19007415773,0.0,350720.9503707886,0.0,631297.7106674195,0.0
,2014-09,170641923.9422632,350046.00411224365,378725.0,9468.125,2978.0866666666666,2.9385142483449416,0.8833562764900182,1.6042749033536488,0.0,0.924274880486484,117.54056993379766,70009.20082244874,0.0,350046.00411224365,0.0,630082.8074020385,0.0
,2014-03,2932285.1865148074,43362.09881591797,51291.0,1282.275,475.7708333333333,2.278518131939465,2.0199868403516748,0.7848200263287024,0.0,0.845413402271704,91.14072527757861,46721.0543334961,0.675,43362.09881591797,0.675,40003.14329833984,0.675
,2014-04,2920833.2644310426,42956.50036621094,51156.0,1278.9,490.29655172413794,2.190332576027382,2.006089879715913,0.7800043279400699,0.0,0.839715778524727,87.61330304109526,45990.97712402344,0.675,42956.50036621094,0.675,39922.02360839844,0.675
,2014-05,2876497.685655535,41820.55029296875,50830.0,1270.75,501.1575342465753,2.0861978237960876,1.9695866753674203,0.7673428240921849,0.0,0.8227533010617499,83.4479129518435,43946.266992187506,0.675,41820.55029296875,0.675,39694.83359375001,0.675
,2014-06,2792929.101537691,40133.24563598633,50455.0,1261.375,503.6666666666667,1.9920538866306912,1.9070522755268033,0.7510659182347248,0.0,0.7954265312850327,79.68215546522765,40909.11860961914,0.675,40133.24563598633,0.675,39357.37266235352,0.675
,2014-07,2772005.9672880364,39683.30697631836,50214.0,1255.35,502.3783783783784,1.9747718395252034,1.970093905259064,0.757418652951019,0.0,0.7902837251825857,78.99087358100815,40099.229022216794,0.675,39683.30697631836,0.675,39267.384930419925,0.675
,2014-08,2827677.3985758,40605.150482177734,50031.0,1250.775,499.2147651006711,2.033450997487491,2.160045728468945,0.7732398282733601,0.0,0.8115998177565457,81.33803989949965,41758.54733276367,0.675,40605.150482177734,0.675,39451.7536315918,0.675
,2014-09,2854943.950094118,41341.738861083984,49948.0,1248.7,496.52,2.081574702986989,2.2823714144283986,0.7902946861041276,0.0,0.8276955806255303,83.26298811947954,43084.406414794925,0.675,41341.738861083984,0.675,39599.07130737305,0.675
,2014-03,2880610.5520916637,40880.195236206055,53987.0,1349.675,1770.0208333333333,0.5773970914119098,1.00805145277627,0.785740806978757,0.0,0.7572229469354855,23.095883656476392,22720.24197692871,0.4,40880.195236206055,0.4,59040.1484954834,0.4
,2014-04,2883950.488919148,41110.70866394043,53162.0,1329.05,1799.2413793103449,0.5712228100225538,1.0357892762785261,0.8009618450049135,0.0,0.7733100459715667,22.84891240090215,23414.40726013184,0.425,41110.70866394043,0.425,58807.010067749026,0.425
,2014-05,2910415.358291114,41836.34214782715,52365.0,1309.125,1812.6164383561643,0.5770159265708734,1.1142332078441761,0.8228027649383126,0.0,0.7989371173078802,23.08063706283494,25307.125558471682,0.45,41836.34214782715,0.45,58365.558737182626,0.45
,2014-06,2919041.7760973275,42362.89384460449,51861.0,1296.525,1810.8163265306123,0.5848590663771047,1.1843781044481063,0.8499993403809606,0.0,0.8168545505216732,23.394362655084187,26357.928475952147,0.475,42362.89384460449,0.475,58367.85921325684,0.475
,2014-07,2943592.160117972,43230.97789001465,51711.0,1292.775,1802.7027027027027,0.5995300531973545,1.2772727916293956,0.876354839216439,0.0,0.8360112527318104,23.981202127894182,27920.47975769043,0.475,43230.97789001465,0.475,58541.47602233887,0.475
,2014-08,2941872.295017336,43156.65769958496,51759.0,1293.975,1792.9463087248323,0.6017561358303941,1.2650144376423322,0.8724385485566479,0.0,0.8338000676130713,24.070245433215767,27786.703414916992,0.475,43156.65769958496,0.475,58526.61198425294,0.475
,2014-09,2939802.507751361,43076.49052429199,52110.0,1302.75,1782.1066666666666,0.6042916977139228,1.2250247504621465,0.8596023587586981,0.0,0.8266453756340816,24.171667908556913,27642.402499389653,0.475,43076.49052429199,0.475,58510.57854919434,0.475
,2014-03,1760981966.8674054,752799.8895874023,805956.0,20148.9,6571.4375,2.863908732249992,0.8244163453417791,1.0311050977337488,0.0,0.9340458903307406,114.55634928999969,170460.64510498045,0.375,752799.8895874023,0.375,1335139.1340698241,0.375
,2014-04,1759475412.777515,745923.6246948242,796264.0,19906.6,7395.613793103448,2.5215068199965103,0.8425283926724421,1.021925837013414,0.0,0.9367792901535473,100.86027279986041,170595.41478271486,0.4,745923.6246948242,0.4,1321251.8346069334,0.4
,2014-05,1755370194.6283765,734690.0563354492,781318.0,19532.95,8197.547945205479,2.2405787109947592,0.8977649835850812,1.0163485641633911,0.0,0.9403214265324096,89.62314843979038,171055.99173583984,0.425,734690.0563354492,0.425,1298324.1209350585,0.425
,2014-06,1753599481.59114,727750.3899536133,771321.0,19283.025,8315.061224489797,2.1880488017641366,0.9551734546551961,1.0124116053149705,0.0,0.9435117025902487,87.52195207056546,172281.38892822264,0.45,727750.3899536133,0.45,1283219.3909790039,0.45
,2014-07,1753239272.075872,725383.4478149414,767604.0,19190.1,8289.628378378378,2.1876235420484598,0.9985922630518242,0.9950377979706138,0.0,0.9449969617340991,87.50494168193838,174784.3184692383,0.475,725383.4478149414,0.475,1275982.5771606443,0.475
,2014-08,1753301048.646885,726635.2708129883,766952.0,19173.8,8239.24832214765,2.204798430640038,1.046666296416033,1.015384916754539,0.0,0.9474325261724179,88.19193722560152,177037.59986572264,0.475,726635.2708129883,0.475,1276232.9417602539,0.475
,2014-09,1753274238.786677,726181.7822875977,767395.0,19184.875,8185.873333333333,2.2177895769854663,1.0128776230198275,1.0043737973015356,0.0,0.9462946491540831,88.71158307941865,176221.32052001954,0.475,726181.7822875977,0.475,1276142.2440551757,0.475
,2014-03,2328954.4850843064,47239.818115234375,30040.0,751.0,574.9791666666666,2.053979554994067,3.175955740525904,0.8805349270667022,0.0,1.572563852038428,82.15918219976268,83106.34780273438,0.875,47239.818115234375,0.875,11373.288427734373,0.875
,2014-04,2442073.8095401265,48204.73388671875,29551.0,738.775,583.0275862068966,2.067000559970611,3.48504296047877,0.8957249391238096,0.0,1.6312386682927398,82.68002239882443,84843.19619140626,0.875,48204.73388671875,0.875,11566.271582031248,0.875
,2014-05,2380246.420891185,47269.31042480469,29247.0,731.175,588.6712328767123,2.0074579741993475,3.486034010137748,0.8958754448234973,0.0,1.6162105660342834,80.2983189679739,83159.43395996094,0.875,47269.31042480469,0.875,11379.186889648436,0.875
,2014-06,2328714.721376949,46178.23858642578,28967.0,724.175,587.6666666666666,1.9644741315836265,3.4688986973656517,0.8933430172752697,0.0,1.5941671069294638,78.57896526334507,81195.5046508789,0.875,46178.23858642578,0.875,11160.972521972653,0.875
,2014-07,2158553.0941767576,43812.928283691406,28946.0,723.65,584.0067567567568,1.8755317372954567,3.1995593977085095,0.8702053662070952,0.0,1.5136090749565192,75.02126949181826,76937.94610595703,0.875,43812.928283691406,0.875,10687.910461425781,0.875
,2014-08,1908806.9934697114,40890.34799194336,28943.0,723.575,580.5234899328859,1.7609256430205207,2.83102806587777,0.8451828716963554,0.0,1.4127888605860954,70.43702572082083,71677.30158081054,0.875,40890.34799194336,0.875,10103.39440307617,0.875
,2014-09,1937902.5720697679,41190.596282958984,28967.0,724.175,577.0066666666667,1.7846672604718166,2.8349644450349185,0.8452706291503812,0.0,1.421983508232091,71.38669041887266,72217.74850463867,0.875,41190.596282958984,0.875,10163.444061279297,0.875
,2014-03,13247568.284524351,88254.45101928711,100507.0,2512.675,882.9027777777778,2.4989855406678854,1.1020662633820015,0.9552014145209174,0.0,0.8780925808081737,99.95942162671541,31497.002508544923,0.4,88254.45101928711,0.4,145011.89953002933,0.4
,2014-04,13227915.576010395,87474.4655456543,100233.0,2505.825,899.4413793103448,2.4313553822908993,1.0782528426059763,0.9433281294975344,0.0,0.8727112382713706,97.25421529163599,29910.737054443358,0.375,87474.4655456543,0.375,145038.19403686523,0.375
,2014-05,13201548.881836232,86504.88250732422,99349.0,2483.725,914.1027397260274,2.3658413531626445,1.0631726715506065,0.9187413664528845,0.0,0.8707171940062227,94.63365412650579,29716.820446777347,0.375,86504.88250732422,0.375,143292.9445678711,0.375
,2014-06,13169607.842504792,85725.02111816406,97979.0,2449.475,916.6394557823129,2.338024524729884,1.0772221414966903,0.9107662739641299,0.0,0.8749325990075839,93.52098098919535,30247.593579101565,0.4,85725.02111816406,0.4,141202.44865722657,0.4
,2014-07,13201607.94073268,86401.32327270508,97258.0,2431.45,917.7364864864865,2.35365283349169,1.1460744273114933,0.9230394419255633,0.0,0.8883724040459918,94.14611333966761,32438.016510009766,0.425,86401.32327270508,0.425,140364.6300354004,0.425
,2014-08,13201554.744136168,86397.74234008789,96796.0,2419.9,917.6778523489933,2.3537056636741953,1.156009126096595,0.926073396617273,0.0,0.892575543825033,94.1482265469678,32909.81204223633,0.45,86397.74234008789,0.45,139885.67263793945,0.45
,2014-09,13216624.812217418,87135.44815063477,96584.0,2414.6,916.3333333333334,2.377285780755768,1.2186434596085154,0.9522393587859689,0.0,0.9021727009715353,95.09143123023074,34301.223126220706,0.475,87135.44815063477,0.475,139969.67317504884,0.475
,2014-03,44724071.839006834,162288.45153808594,187243.0,4681.075,1755.111111111111,2.311654950371571,1.512118904393949,1.010939653769481,0.0,0.8667264011903566,92.46619801486284,58518.70554199219,0.425,162288.45153808594,0.425,266058.19753417966,0.425
,2014-04,44271419.386887416,158631.10919189453,181795.0,4544.875,1860.9931034482759,2.1310007664451227,1.5965461345804552,1.0134964556283328,0.0,0.8725823548056576,85.24003065780491,58821.85611572265,0.45,158631.10919189453,0.45,258440.36226806638,0.45
,2014-05,43410120.96395397,153058.7576599121,174660.0,4366.5,1944.5821917808219,1.9677589138022369,1.6168477575117663,1.002323351314547,0.0,0.876324044772198,78.71035655208946,58195.629998779295,0.475,153058.7576599121,0.475,247921.88532104495,0.475
,2014-06,43242515.85829599,151068.94284057617,169304.0,4232.6,1949.0340136054422,1.9377412321440148,1.6832116372159713,1.0170363310587107,0.0,0.8922939968375004,77.5096492857606,58901.22348022461,0.5,151068.94284057617,0.5,243236.66220092776,0.5
,2014-07,43369310.506667584,153171.81295776367,167858.0,4196.45,1938.054054054054,1.9758454703231354,1.8729439812328479,1.054578436225182,0.0,0.9125082686423267,79.03381881292542,62686.389691162105,0.5,153171.81295776367,0.5,243657.23622436525,0.5
,2014-08,43373822.93374623,153349.72048950195,166968.0,4174.2,1930.0872483221476,1.986305549435797,1.9026309950892326,1.0663850581797856,0.0,0.9184377874173612,79.45222197743188,63675.941705322264,0.525,153349.72048950195,0.525,243023.49927368163,0.525
,2014-09,43315971.71820052,152043.41744995117,165417.0,4135.425,1929.2933333333333,1.9701957035644033,1.8947892190005509,1.0463055402231953,0.0,0.9191523087104178,78.80782814257613,63786.79750366211,0.55,152043.41744995117,0.55,240300.03739624025,0.55
,2014-03,47030764.224118546,165804.16437530518,186671.0,4666.775,1800.9652777777778,2.3016013470827708,0.9020686182558215,1.0972862628533568,0.0,0.8882159755682735,92.06405388331082,48494.44537506104,0.225,165804.16437530518,0.225,283113.88337554934,0.225
,2014-04,47015808.61857578,165059.2872390747,186417.0,4660.425,1794.5379310344827,2.2994677959234373,0.882171535805145,1.0836181394876359,0.0,0.8854304448578977,91.9787118369375,47107.07385406495,0.2,165059.2872390747,0.2,283011.5006240845,0.2
,2014-05,47001870.51341296,164589.41980743408,185479.0,4636.975,1785.9383561643835,2.303962777317225,0.8829284358437132,1.0923390767278527,0.0,0.887374957852016,92.158511092689,45687.96130523682,0.175,164589.41980743408,0.175,283490.8783096314,0.175
,2014-06,46975092.12576123,163844.28385162354,183798.0,4594.95,1775.4761904761904,2.3070470436395967,0.8886586003976327,1.1044929921478623,0.0,0.891436706882684,92.28188174558386,45538.93411407471,0.175,163844.28385162354,0.175,282149.6335891724,0.175
,2014-07,46954011.27915533,163216.69054412842,182651.0,4566.275,1765.5135135135135,2.3111787207353927,0.8941229590423962,1.118299851791603,0.0,0.8935986692880324,92.4471488294157,45413.41545257569,0.175,163216.69054412842,0.175,281019.9656356812,0.175
,2014-08,46985386.04725742,163981.74431610107,182032.0,4550.8,1754.1610738255033,2.3370394367275376,0.9566583116918593,1.1345118295616667,0.0,0.9008402056567036,93.48157746910151,47490.785581970216,0.2,163981.74431610107,0.2,280472.70305023197,0.2
,2014-09,47048007.917041965,165402.07625579834,181885.0,4547.125,1744.38,2.3704994934561037,1.0464738542798429,1.1584231469796378,0.0,0.9093772232773365,94.81997973824414,50321.984782409665,0.225,165402.07625579834,0.225,280482.16772918706,0.225
,2014-03,543677.5220814218,24600.719665527344,28434.0,710.85,416.50694444444446,1.4766092134634683,2.059514539735089,0.7953298753790852,0.0,0.8651867364960028,59.06436853853873,31093.29744873047,0.7,24600.719665527344,0.7,18108.14188232422,0.7
,2014-04,556735.8900845994,25089.130798339844,28672.0,716.8,416.7655172413793,1.5049908018067206,2.0718963730429563,0.8009126832219206,0.0,0.8750394391162055,60.19963207226883,31972.43748779297,0.7,25089.130798339844,0.7,18205.82410888672,0.7
,2014-05,556033.3403159489,25003.164093017578,28098.0,702.45,414.56849315068496,1.507782459720689,2.0753565887193424,0.8022091180975501,0.0,0.8898556513993017,60.311298388827566,32147.985894775393,0.725,25003.164093017578,0.725,17858.342291259767,0.725
,2014-06,527491.4609243326,24304.538665771484,26342.0,658.55,419.3945578231293,1.4487871988566317,2.126708605061336,0.809120584413208,0.0,0.9226535064069351,57.95148795426527,32756.699285888673,0.75,24304.538665771484,0.75,15852.378045654297,0.75
,2014-07,551598.5083951872,24948.665740966797,24940.0,623.5,421.9189189189189,1.4782855557231624,2.3484467459417755,0.8419873947838745,0.0,1.0003474635511946,59.131422228926496,34598.455755615236,0.775,24948.665740966797,0.775,15298.87572631836,0.775
,2014-08,568805.2512974199,25429.847625732422,23806.0,595.15,423.5973154362416,1.5008267698500106,2.558116420911961,0.8746859318344091,0.0,1.0682116956117123,60.03307079400042,35464.58314819336,0.775,25429.847625732422,0.775,15395.112103271484,0.775
,2014-09,551953.8203508671,24985.189910888672,23669.0,591.725,422.26666666666665,1.4792305362461717,2.5462380540939695,0.8715024076982351,0.0,1.0556081757103668,59.16922144984687,34664.19926147461,0.775,24985.189910888672,0.775,15306.180560302733,0.775
,2014-03,321953.59020420804,19038.6641998291,11242.0,281.05,550.2569444444445,0.8649897285281468,3.5214814035489725,1.1188908729860358,0.0,1.6935299946476696,34.59958914112587,28717.708718872072,0.875,19038.6641998291,0.875,9359.61968078613,0.875
,2014-04,307922.78292912326,18585.16798400879,11030.0,275.75,554.4206896551724,0.8380444818702575,3.7411269709582995,1.1301711534553929,0.0,1.6849653657306245,33.5217792748103,27901.415530395512,0.875,18585.16798400879,0.875,9268.92043762207,0.875
,2014-05,298632.887227159,18216.656784057617,10809.0,270.225,553.3219178082192,0.8230587022567346,3.8437755083565706,1.1405641259166206,0.0,1.6853230441352223,32.92234809026939,27238.095370483403,0.875,18216.656784057617,0.875,9195.218197631833,0.875
,2014-06,301187.55180894036,18463.354202270508,10607.0,265.175,550.3469387755102,0.8387143137086576,4.05829629097912,1.1739609035215295,0.0,1.7406763648789014,33.54857254834631,27682.150723266604,0.875,18463.354202270508,0.875,9244.557681274415,0.875
,2014-07,302053.25851689384,18529.161361694336,10510.0,262.75,546.6486486486486,0.8473981142869209,4.201293701328722,1.1904945518555958,0.0,1.7630029839861405,33.89592457147683,27800.603610229497,0.875,18529.161361694336,0.875,9257.719113159179,0.875
,2014-08,336011.21285575686,19426.762985229492,10512.0,262.8,543.1208053691275,0.894219241519677,4.49382058023914,1.2011296535601164,0.0,1.8480558395385742,35.76876966078708,29416.286532592778,0.875,19426.762985229492,0.875,9437.23943786621,0.875
,2014-09,357914.3746378651,20104.658737182617,10545.0,263.625,539.5933333333334,0.9314727172862873,4.631330659810632,1.207134529570805,0.0,1.9065584388034724,37.258908691451495,30636.4988861084,0.875,20104.658737182617,0.875,9572.818588256834,0.875
,2014-03,143956.5873517827,14031.105529785156,3557.0,88.925,256.7916666666667,1.3660008628705327,8.433759184510507,1.3310029880877987,0.0,3.9446459178479496,54.64003451482131,25255.989953613283,1.0,14031.105529785156,1.0,2806.2211059570304,1.0
,2014-04,140178.79005989197,13773.468765258789,3547.0,88.675,255.04137931034484,1.3501209884552368,8.346167911876279,1.322736264899902,0.0,3.883131876306397,54.00483953820947,24792.243777465825,1.0,13773.468765258789,1.0,2754.693753051757,1.0
,2014-05,138414.6164806903,13671.322830200195,3520.0,88.0,253.36301369863014,1.348985654084256,8.370354300565676,1.3242862796162935,0.0,3.8838985313068735,53.95942616337024,24608.381094360353,1.0,13671.322830200195,1.0,2734.2645660400385,1.0
,2014-06,133747.4916377943,13471.440170288086,3442.0,86.05,251.87074829931973,1.3371382208186013,8.707193015032816,1.3323430402058047,0.0,3.9138408397118205,53.48552883274405,24248.592306518556,1.0,13471.440170288086,1.0,2694.2880340576166,1.0
,2014-07,135165.63395639724,13577.832778930664,3320.0,83.0,250.27702702702703,1.3562803726153037,9.393861435538927,1.3568681954728583,0.0,4.08970866835261,54.25121490461214,24440.099002075192,1.0,13577.832778930664,1.0,2715.566555786132,1.0
,2014-08,136431.39126398278,13662.890029907227,3195.0,79.875,248.76510067114094,1.3730714229052072,10.408890441435702,1.380145092727193,0.0,4.276334907639194,54.922856916208296,24593.20205383301,1.0,13662.890029907227,1.0,2732.5780059814447,1.0
,2014-09,138519.73541503187,13824.838760375977,3055.0,76.375,247.55333333333334,1.396147506299246,11.790579013174028,1.4095699636862633,0.0,4.525315469844837,55.84590025196985,24884.70976867676,1.0,13824.838760375977,1.0,2764.9677520751948,1.0
,2014-03,3406004.0765608633,46105.29695892334,33911.0,847.775,388.88194444444446,2.9639648753035592,10.655071437402501,1.312229822698928,0.0,1.3595970911775925,118.55859501214238,45845.0705001831,0.625,46105.29695892334,0.625,46365.52341766357,0.625
,2014-04,3404469.403285964,45942.50012207031,33662.0,841.55,415.7793103448276,2.7624330371301897,10.702044643541146,1.2970923767906304,0.0,1.3648178991762316,110.49732148520759,45983.93520507813,0.65,45942.50012207031,0.65,45901.065039062494,0.65
,2014-05,3403742.698082348,45893.381408691406,32840.0,821.0,439.6575342465753,2.609609629875738,10.862336985654101,1.3242913375688659,0.0,1.3974842085472414,104.38438519502954,46408.25247802734,0.675,45893.381408691406,0.675,45378.51033935547,0.675
,2014-06,3401437.222788808,45777.49822998047,32100.0,802.5,436.78231292517006,2.620155216645821,11.162252184246801,1.3462981701561474,0.0,1.4260902875383323,104.80620866583284,46929.00362548828,0.7,45777.49822998047,0.7,44625.99283447266,0.7
,2014-07,3470752.9538406655,47228.69306945801,31671.0,791.775,435.02702702702703,2.7141240736362233,12.025676859266586,1.3777406361485702,0.0,1.491228349892899,108.56496294544895,49908.66544494629,0.725,47228.69306945801,0.725,44548.72069396972,0.725
,2014-08,3471607.904560807,47323.999755859375,31619.0,790.475,432.1476510067114,2.737721681791834,12.108912585090273,1.392928200301477,0.0,1.4966950174217837,109.50886727167335,50080.21748046875,0.725,47323.999755859375,0.725,44567.78203125,0.725
,2014-09,3472609.2075248184,47388.230895996094,31631.0,790.775,429.34,2.7593650076859886,12.07414662221709,1.3918335752314983,0.0,1.4981578481867817,110.37460030743955,50195.83353271484,0.725,47388.230895996094,0.725,44580.62825927734,0.725
,2014-03,3356822156.410434,1108504.5471191406,1167708.0,29192.7,5918.277777777777,4.682546970342473,1.7324763071578542,1.1810595256365037,0.0,0.9492994371188179,187.30187881369892,318616.2477050782,0.475,1108504.5471191406,0.475,1898392.8465332033,0.475
,2014-04,3344072162.688939,1087505.2510986328,1139021.0,28475.525,6142.496551724138,4.426153282875596,1.8277640533879396,1.1839485118399626,0.0,0.9547719059601472,177.04613131502384,317046.1648681641,0.5,1087505.2510986328,0.5,1857964.3373291017,0.5
,2014-05,3185360957.012841,1008966.0333251953,1054402.0,26360.05,6183.095890410959,4.079534149267959,1.8730526693520784,1.1688094648340226,0.0,0.9569083075764228,163.18136597071833,303172.20256347663,0.525,1008966.0333251953,0.525,1714759.864086914,0.525
,2014-06,3096847200.3633375,950787.3485107422,992546.0,24813.65,6369.9795918367345,3.731516462506397,1.9005868780788302,1.148705225605195,0.0,0.9579277418988562,149.2606585002559,293678.705834961,0.55,950787.3485107422,0.55,1607895.9911865236,0.55
,2014-07,3091175182.8089075,940177.3133544922,975916.0,24397.9,6395.006756756757,3.6754351837123993,2.006830889379338,1.1433999825822554,0.0,0.9633793414130849,147.01740734849596,300175.547241211,0.575,940177.3133544922,0.575,1580179.0794677737,0.575
,2014-08,3091149913.0960584,940028.3759765625,971555.0,24288.875,6374.080536912752,3.6869175504325353,2.072605415456903,1.1506305329811504,0.0,0.9675503455559,147.47670201730142,305455.944140625,0.6,940028.3759765625,0.6,1574600.8078125003,0.6
,2014-09,3091442776.4563475,943103.4871826172,970481.0,24262.025,6340.286666666667,3.7186941883120053,2.150548171042627,1.1769897399801248,0.0,0.9717897487767583,148.7477675324802,311578.62888183596,0.625,943103.4871826172,0.625,1574628.3454833985,0.625
,2014-03,238049.15907941287,15642.400390625,18492.0,462.3,506.18055555555554,0.7725701935279188,2.125252481714478,0.8258635385685663,0.0,0.8459009512559486,30.902807741116753,19254.41884765625,0.675,15642.400390625,0.675,12030.38193359375,0.675
,2014-04,238287.39791894046,15655.126159667969,18396.0,459.9,504.4,0.7759281403483331,2.307099955602171,0.8386117848976593,0.0,0.8510070754331359,31.037125613933327,19277.325231933595,0.675,15655.126159667969,0.675,12032.927087402344,0.675
,2014-05,219974.59671349585,15027.039794921875,18198.0,454.95,502.36301369863014,0.7478177824182268,2.3137564975474154,0.8395229167565917,0.0,0.8257522692011141,29.91271129672907,18146.769775390625,0.675,15027.039794921875,0.675,11907.309814453125,0.675
,2014-06,222630.02846750146,15223.291809082031,17645.0,441.125,500.98639455782313,0.7596659297763115,2.4578564985372364,0.8689218744795838,0.0,0.8627538571313138,30.38663719105246,18776.004943847656,0.7,15223.291809082031,0.7,11670.578674316406,0.7
,2014-07,224059.07763834708,15415.542266845703,17316.0,432.9,499.1216216216216,0.7721335641983093,2.554812553077215,0.898679926764118,0.0,0.8902484561587956,30.88534256793237,19206.119976806644,0.725,15415.542266845703,0.725,11624.964556884765,0.725
,2014-08,228202.00224744473,15721.697845458984,17072.0,426.8,497.0872483221477,0.7906910657296832,2.756675401683455,0.930801625668076,0.0,0.9209054501791814,31.627642629187328,19757.20001831055,0.725,15721.697845458984,0.725,11686.195672607422,0.725
,2014-09,231454.9533471348,15967.203857421875,16955.0,423.875,494.32666666666665,0.8075228858829119,3.0910100859847605,0.9581587787284882,0.0,0.9417401272439915,32.300915435316476,20199.11083984375,0.725,15967.203857421875,0.725,11735.296875,0.725
,2014-03,334812.5107066425,16062.728652954102,25895.0,647.375,353.38194444444446,1.1363574812945303,0.9247429864603669,0.6885256711086708,0.0,0.6203023229563276,45.454299251781215,10059.04328918457,0.45,16062.728652954102,0.45,22066.414016723633,0.45
,2014-04,335467.0624975686,16111.983932495117,25505.0,637.625,358.5103448275862,1.1235368912606725,0.9581300464754616,0.6980962356588757,0.0,0.631718640756523,44.9414756504269,10533.545516967773,0.475,16111.983932495117,0.475,21690.42234802246,0.475
,2014-05,336142.88889629097,16199.583084106445,25216.0,630.4,363.5821917808219,1.1138872757189406,0.9916890306994274,0.7126561967196088,0.0,0.6424327047948305,44.55549102875762,10868.024282836916,0.5,16199.583084106445,0.5,21531.141885375975,0.5
,2014-06,336469.5766839122,16241.657928466797,24786.0,619.65,364.3333333333333,1.1144778999405398,1.0507293378632365,0.7351164830632297,0.0,0.655275475206439,44.579115997621585,10943.759002685547,0.5,16241.657928466797,0.5,21539.556854248047,0.5
,2014-07,335638.91486664646,16141.168014526367,24472.0,611.8,362.35135135135135,1.1136406663263139,1.072204880086317,0.7450365429073547,0.0,0.65957698653671,44.54562665305255,10762.877157592775,0.5,16141.168014526367,0.5,21519.45887145996,0.5
,2014-08,333945.33531793265,16024.480117797852,24435.0,610.875,360.4161073825503,1.111526357282727,1.06707372123368,0.7440307768445361,0.0,0.6558002912951852,44.461054291309075,10552.838943481445,0.5,16024.480117797852,0.5,21496.121292114258,0.5
,2014-09,338881.60156540276,16268.93196105957,24435.0,610.875,358.1333333333333,1.135675630193101,1.1148182218707345,0.7514722073965382,0.0,0.6658044592207722,45.42702520772404,10992.85226135254,0.5,16268.93196105957,0.5,21545.0116607666,0.5
